{"cameraMode":{"drawMode":0,"name":"Shaded","section":"Shading Mode"},"sceneLighting":true,"audioPlay":false,"sceneViewState":{"m_AlwaysRefresh":false,"showFog":true,"showSkybox":true,"showFlares":true,"showImageEffects":true,"showParticleSystems":true,"showVisualEffectGraphs":true,"m_FxEnabled":true},"in2DMode":false,"pivot":{"x":46.71025085449219,"y":-0.9999446868896484,"z":46.740230560302737},"rotation":{"x":0.49961933493614199,"y":-0.029872948303818704,"z":0.017246223986148835,"w":0.8655648827552795},"size":28.539443969726564,"orthographic":true}