{"cameraMode":{"drawMode":0,"name":"Shaded","section":"Shading Mode"},"sceneLighting":true,"audioPlay":false,"sceneViewState":{"m_AlwaysRefresh":false,"showFog":true,"showSkybox":true,"showFlares":true,"showImageEffects":true,"showParticleSystems":true,"showVisualEffectGraphs":true,"m_FxEnabled":true},"in2DMode":false,"pivot":{"x":2.808736801147461,"y":1.3586244583129883,"z":0.4005298614501953},"rotation":{"x":0.32229724526405337,"y":0.14267463982105256,"z":-0.04920542612671852,"w":0.9345318675041199},"size":48.002559661865237,"orthographic":true}