{"cameraMode":{"drawMode":0,"name":"Shaded","section":"Shading Mode"},"sceneLighting":true,"audioPlay":false,"sceneViewState":{"m_AlwaysRefresh":false,"showFog":true,"showSkybox":true,"showFlares":true,"showImageEffects":true,"showParticleSystems":true,"showVisualEffectGraphs":true,"m_FxEnabled":true},"in2DMode":false,"pivot":{"x":14.398635864257813,"y":0.6278619766235352,"z":-4.18091344833374},"rotation":{"x":0.24218426644802094,"y":-0.3642771542072296,"z":0.09870265424251557,"w":0.8938164114952087},"size":28.738969802856447,"orthographic":true}